PRODUCT_TABLE,QUERY,GEO,ITERATION,COUNT
DHCH H4,H0040001: Total,ST-COU-TR: 24-033-807200,0,1379
DHCH H4,H0040001: Total,ST-COU-TR: 24-033-807200,1,1382
DHCH H4,H0040001: Total,ST-COU-TR: 24-033-807200,2,1375
DHCH H4,H0040001: Total,ST-COU-TR: 24-033-807200,3,1382
DHCH H4,H0040001: Total,ST-COU-TR: 24-033-807200,4,1373
DHCH H4,H0040001: Total,ST-COU-TR: 24-033-807200,5,1382
DHCH H4,H0040001: Total,ST-COU-TR: 24-033-807200,6,1389
DHCH H4,H0040001: Total,ST-COU-TR: 24-033-807200,7,1376
DHCH H4,H0040001: Total,ST-COU-TR: 24-033-807200,8,1380
DHCH H4,H0040001: Total,ST-COU-TR: 24-033-807200,9,1379
DHCH H4,H0040001: Total,ST-COU-TR: 24-033-807200,10,1376
DHCH H4,H0040001: Total,ST-COU-TR: 24-033-807200,11,1385
DHCH H4,H0040001: Total,ST-COU-TR: 24-033-807200,12,1378
DHCH H4,H0040001: Total,ST-COU-TR: 24-033-807200,13,1380
DHCH H4,H0040001: Total,ST-COU-TR: 24-033-807200,14,1379
DHCH H4,H0040001: Total,ST-COU-TR: 24-033-807200,15,1376
DHCH H4,H0040001: Total,ST-COU-TR: 24-033-807200,16,1378
DHCH H4,H0040001: Total,ST-COU-TR: 24-033-807200,17,1377
DHCH H4,H0040001: Total,ST-COU-TR: 24-033-807200,18,1382
DHCH H4,H0040001: Total,ST-COU-TR: 24-033-807200,19,1386
DHCH H4,H0040001: Total,ST-COU-TR: 24-033-807200,20,1374
DHCH H4,H0040001: Total,ST-COU-TR: 24-033-807200,21,1380
DHCH H4,H0040001: Total,ST-COU-TR: 24-033-807200,22,1382
DHCH H4,H0040001: Total,ST-COU-TR: 24-033-807200,23,1380
DHCH H4,H0040001: Total,ST-COU-TR: 24-033-807200,24,1377
DHCH H4,H0040001: Total,ST-COU-TR: 24-033-807200,25,1384
DHCH H4,H0040002: Owned mortgage,ST-COU-TR: 24-033-807200,0,106
DHCH H4,H0040002: Owned mortgage,ST-COU-TR: 24-033-807200,1,107
DHCH H4,H0040002: Owned mortgage,ST-COU-TR: 24-033-807200,2,105
DHCH H4,H0040002: Owned mortgage,ST-COU-TR: 24-033-807200,3,108
DHCH H4,H0040002: Owned mortgage,ST-COU-TR: 24-033-807200,4,103
DHCH H4,H0040002: Owned mortgage,ST-COU-TR: 24-033-807200,5,108
DHCH H4,H0040002: Owned mortgage,ST-COU-TR: 24-033-807200,6,106
DHCH H4,H0040002: Owned mortgage,ST-COU-TR: 24-033-807200,7,106
DHCH H4,H0040002: Owned mortgage,ST-COU-TR: 24-033-807200,8,103
DHCH H4,H0040002: Owned mortgage,ST-COU-TR: 24-033-807200,9,105
DHCH H4,H0040002: Owned mortgage,ST-COU-TR: 24-033-807200,10,104
DHCH H4,H0040002: Owned mortgage,ST-COU-TR: 24-033-807200,11,110
DHCH H4,H0040002: Owned mortgage,ST-COU-TR: 24-033-807200,12,103
DHCH H4,H0040002: Owned mortgage,ST-COU-TR: 24-033-807200,13,104
DHCH H4,H0040002: Owned mortgage,ST-COU-TR: 24-033-807200,14,105
DHCH H4,H0040002: Owned mortgage,ST-COU-TR: 24-033-807200,15,106
DHCH H4,H0040002: Owned mortgage,ST-COU-TR: 24-033-807200,16,105
DHCH H4,H0040002: Owned mortgage,ST-COU-TR: 24-033-807200,17,109
DHCH H4,H0040002: Owned mortgage,ST-COU-TR: 24-033-807200,18,111
DHCH H4,H0040002: Owned mortgage,ST-COU-TR: 24-033-807200,19,105
DHCH H4,H0040002: Owned mortgage,ST-COU-TR: 24-033-807200,20,103
DHCH H4,H0040002: Owned mortgage,ST-COU-TR: 24-033-807200,21,109
DHCH H4,H0040002: Owned mortgage,ST-COU-TR: 24-033-807200,22,107
DHCH H4,H0040002: Owned mortgage,ST-COU-TR: 24-033-807200,23,108
DHCH H4,H0040002: Owned mortgage,ST-COU-TR: 24-033-807200,24,109
DHCH H4,H0040002: Owned mortgage,ST-COU-TR: 24-033-807200,25,108
DHCH H4,H0040003: Owned no mortgage,ST-COU-TR-BG: 24-033-807200-1,0,17
DHCH H4,H0040003: Owned no mortgage,ST-COU-TR-BG: 24-033-807200-1,1,17
DHCH H4,H0040003: Owned no mortgage,ST-COU-TR-BG: 24-033-807200-1,2,14
DHCH H4,H0040003: Owned no mortgage,ST-COU-TR-BG: 24-033-807200-1,3,13
DHCH H4,H0040003: Owned no mortgage,ST-COU-TR-BG: 24-033-807200-1,4,11
DHCH H4,H0040003: Owned no mortgage,ST-COU-TR-BG: 24-033-807200-1,5,18
DHCH H4,H0040003: Owned no mortgage,ST-COU-TR-BG: 24-033-807200-1,6,14
DHCH H4,H0040003: Owned no mortgage,ST-COU-TR-BG: 24-033-807200-1,7,13
DHCH H4,H0040003: Owned no mortgage,ST-COU-TR-BG: 24-033-807200-1,8,15
DHCH H4,H0040003: Owned no mortgage,ST-COU-TR-BG: 24-033-807200-1,9,18
DHCH H4,H0040003: Owned no mortgage,ST-COU-TR-BG: 24-033-807200-1,10,23
DHCH H4,H0040003: Owned no mortgage,ST-COU-TR-BG: 24-033-807200-1,11,19
DHCH H4,H0040003: Owned no mortgage,ST-COU-TR-BG: 24-033-807200-1,12,14
DHCH H4,H0040003: Owned no mortgage,ST-COU-TR-BG: 24-033-807200-1,13,14
DHCH H4,H0040003: Owned no mortgage,ST-COU-TR-BG: 24-033-807200-1,14,11
DHCH H4,H0040003: Owned no mortgage,ST-COU-TR-BG: 24-033-807200-1,15,13
DHCH H4,H0040003: Owned no mortgage,ST-COU-TR-BG: 24-033-807200-1,16,17
DHCH H4,H0040003: Owned no mortgage,ST-COU-TR-BG: 24-033-807200-1,17,15
DHCH H4,H0040003: Owned no mortgage,ST-COU-TR-BG: 24-033-807200-1,18,16
DHCH H4,H0040003: Owned no mortgage,ST-COU-TR-BG: 24-033-807200-1,19,8
DHCH H4,H0040003: Owned no mortgage,ST-COU-TR-BG: 24-033-807200-1,20,13
DHCH H4,H0040003: Owned no mortgage,ST-COU-TR-BG: 24-033-807200-1,21,8
DHCH H4,H0040003: Owned no mortgage,ST-COU-TR-BG: 24-033-807200-1,22,10
DHCH H4,H0040003: Owned no mortgage,ST-COU-TR-BG: 24-033-807200-1,23,9
DHCH H4,H0040003: Owned no mortgage,ST-COU-TR-BG: 24-033-807200-1,24,15
DHCH H4,H0040003: Owned no mortgage,ST-COU-TR-BG: 24-033-807200-1,25,17
DHCH H4,H0040004: Rented,ST-COU-TR-BG: 24-033-807200-1,0,383
DHCH H4,H0040004: Rented,ST-COU-TR-BG: 24-033-807200-1,1,385
DHCH H4,H0040004: Rented,ST-COU-TR-BG: 24-033-807200-1,2,382
DHCH H4,H0040004: Rented,ST-COU-TR-BG: 24-033-807200-1,3,394
DHCH H4,H0040004: Rented,ST-COU-TR-BG: 24-033-807200-1,4,386
DHCH H4,H0040004: Rented,ST-COU-TR-BG: 24-033-807200-1,5,393
DHCH H4,H0040004: Rented,ST-COU-TR-BG: 24-033-807200-1,6,387
DHCH H4,H0040004: Rented,ST-COU-TR-BG: 24-033-807200-1,7,387
DHCH H4,H0040004: Rented,ST-COU-TR-BG: 24-033-807200-1,8,382
DHCH H4,H0040004: Rented,ST-COU-TR-BG: 24-033-807200-1,9,386
DHCH H4,H0040004: Rented,ST-COU-TR-BG: 24-033-807200-1,10,375
DHCH H4,H0040004: Rented,ST-COU-TR-BG: 24-033-807200-1,11,385
DHCH H4,H0040004: Rented,ST-COU-TR-BG: 24-033-807200-1,12,387
DHCH H4,H0040004: Rented,ST-COU-TR-BG: 24-033-807200-1,13,388
DHCH H4,H0040004: Rented,ST-COU-TR-BG: 24-033-807200-1,14,381
DHCH H4,H0040004: Rented,ST-COU-TR-BG: 24-033-807200-1,15,383
DHCH H4,H0040004: Rented,ST-COU-TR-BG: 24-033-807200-1,16,385
DHCH H4,H0040004: Rented,ST-COU-TR-BG: 24-033-807200-1,17,387
DHCH H4,H0040004: Rented,ST-COU-TR-BG: 24-033-807200-1,18,378
DHCH H4,H0040004: Rented,ST-COU-TR-BG: 24-033-807200-1,19,384
DHCH H4,H0040004: Rented,ST-COU-TR-BG: 24-033-807200-1,20,383
DHCH H4,H0040004: Rented,ST-COU-TR-BG: 24-033-807200-1,21,383
DHCH H4,H0040004: Rented,ST-COU-TR-BG: 24-033-807200-1,22,387
DHCH H4,H0040004: Rented,ST-COU-TR-BG: 24-033-807200-1,23,382
DHCH H4,H0040004: Rented,ST-COU-TR-BG: 24-033-807200-1,24,391
DHCH H4,H0040004: Rented,ST-COU-TR-BG: 24-033-807200-1,25,381
DHCP PCT8,PCT0080001: Total NonVoting,STATE: 32,0,665025
DHCP PCT8,PCT0080001: Total NonVoting,STATE: 32,1,665011
DHCP PCT8,PCT0080001: Total NonVoting,STATE: 32,2,665016
DHCP PCT8,PCT0080001: Total NonVoting,STATE: 32,3,665023
DHCP PCT8,PCT0080001: Total NonVoting,STATE: 32,4,665037
DHCP PCT8,PCT0080001: Total NonVoting,STATE: 32,5,665028
DHCP PCT8,PCT0080001: Total NonVoting,STATE: 32,6,665020
DHCP PCT8,PCT0080001: Total NonVoting,STATE: 32,7,665068
DHCP PCT8,PCT0080001: Total NonVoting,STATE: 32,8,664974
DHCP PCT8,PCT0080001: Total NonVoting,STATE: 32,9,665014
DHCP PCT8,PCT0080001: Total NonVoting,STATE: 32,10,665045
DHCP PCT8,PCT0080001: Total NonVoting,STATE: 32,11,665010
DHCP PCT8,PCT0080001: Total NonVoting,STATE: 32,12,665035
DHCP PCT8,PCT0080001: Total NonVoting,STATE: 32,13,665030
DHCP PCT8,PCT0080001: Total NonVoting,STATE: 32,14,664980
DHCP PCT8,PCT0080001: Total NonVoting,STATE: 32,15,665008
DHCP PCT8,PCT0080001: Total NonVoting,STATE: 32,16,665040
DHCP PCT8,PCT0080001: Total NonVoting,STATE: 32,17,665011
DHCP PCT8,PCT0080001: Total NonVoting,STATE: 32,18,665029
DHCP PCT8,PCT0080001: Total NonVoting,STATE: 32,19,665020
DHCP PCT8,PCT0080001: Total NonVoting,STATE: 32,20,665027
DHCP PCT8,PCT0080001: Total NonVoting,STATE: 32,21,665042
DHCP PCT8,PCT0080001: Total NonVoting,STATE: 32,22,665049
DHCP PCT8,PCT0080001: Total NonVoting,STATE: 32,23,665025
DHCP PCT8,PCT0080001: Total NonVoting,STATE: 32,24,665021
DHCP PCT8,PCT0080001: Total NonVoting,STATE: 32,25,665025
DHCP PCT8,PCT0080002: NonVoting Household,STATE: 32,0,663773
DHCP PCT8,PCT0080002: NonVoting Household,STATE: 32,1,663737
DHCP PCT8,PCT0080002: NonVoting Household,STATE: 32,2,663771
DHCP PCT8,PCT0080002: NonVoting Household,STATE: 32,3,663721
DHCP PCT8,PCT0080002: NonVoting Household,STATE: 32,4,663766
DHCP PCT8,PCT0080002: NonVoting Household,STATE: 32,5,663762
DHCP PCT8,PCT0080002: NonVoting Household,STATE: 32,6,663766
DHCP PCT8,PCT0080002: NonVoting Household,STATE: 32,7,663798
DHCP PCT8,PCT0080002: NonVoting Household,STATE: 32,8,663735
DHCP PCT8,PCT0080002: NonVoting Household,STATE: 32,9,663768
DHCP PCT8,PCT0080002: NonVoting Household,STATE: 32,10,663742
DHCP PCT8,PCT0080002: NonVoting Household,STATE: 32,11,663751
DHCP PCT8,PCT0080002: NonVoting Household,STATE: 32,12,663797
DHCP PCT8,PCT0080002: NonVoting Household,STATE: 32,13,663781
DHCP PCT8,PCT0080002: NonVoting Household,STATE: 32,14,663708
DHCP PCT8,PCT0080002: NonVoting Household,STATE: 32,15,663744
DHCP PCT8,PCT0080002: NonVoting Household,STATE: 32,16,663783
DHCP PCT8,PCT0080002: NonVoting Household,STATE: 32,17,663770
DHCP PCT8,PCT0080002: NonVoting Household,STATE: 32,18,663774
DHCP PCT8,PCT0080002: NonVoting Household,STATE: 32,19,663745
DHCP PCT8,PCT0080002: NonVoting Household,STATE: 32,20,663772
DHCP PCT8,PCT0080002: NonVoting Household,STATE: 32,21,663766
DHCP PCT8,PCT0080002: NonVoting Household,STATE: 32,22,663774
DHCP PCT8,PCT0080002: NonVoting Household,STATE: 32,23,663793
DHCP PCT8,PCT0080002: NonVoting Household,STATE: 32,24,663749
DHCP PCT8,PCT0080002: NonVoting Household,STATE: 32,25,663775
DHCP PCT8,"PCT0080003: Nonvoting Householder, spouse",STATE: 32,0,744
DHCP PCT8,"PCT0080003: Nonvoting Householder, spouse",STATE: 32,1,795
DHCP PCT8,"PCT0080003: Nonvoting Householder, spouse",STATE: 32,2,819
DHCP PCT8,"PCT0080003: Nonvoting Householder, spouse",STATE: 32,3,729
DHCP PCT8,"PCT0080003: Nonvoting Householder, spouse",STATE: 32,4,785
DHCP PCT8,"PCT0080003: Nonvoting Householder, spouse",STATE: 32,5,789
DHCP PCT8,"PCT0080003: Nonvoting Householder, spouse",STATE: 32,6,799
DHCP PCT8,"PCT0080003: Nonvoting Householder, spouse",STATE: 32,7,804
DHCP PCT8,"PCT0080003: Nonvoting Householder, spouse",STATE: 32,8,775
DHCP PCT8,"PCT0080003: Nonvoting Householder, spouse",STATE: 32,9,826
DHCP PCT8,"PCT0080003: Nonvoting Householder, spouse",STATE: 32,10,767
DHCP PCT8,"PCT0080003: Nonvoting Householder, spouse",STATE: 32,11,794
DHCP PCT8,"PCT0080003: Nonvoting Householder, spouse",STATE: 32,12,824
DHCP PCT8,"PCT0080003: Nonvoting Householder, spouse",STATE: 32,13,775
DHCP PCT8,"PCT0080003: Nonvoting Householder, spouse",STATE: 32,14,777
DHCP PCT8,"PCT0080003: Nonvoting Householder, spouse",STATE: 32,15,809
DHCP PCT8,"PCT0080003: Nonvoting Householder, spouse",STATE: 32,16,824
DHCP PCT8,"PCT0080003: Nonvoting Householder, spouse",STATE: 32,17,787
DHCP PCT8,"PCT0080003: Nonvoting Householder, spouse",STATE: 32,18,790
DHCP PCT8,"PCT0080003: Nonvoting Householder, spouse",STATE: 32,19,792
DHCP PCT8,"PCT0080003: Nonvoting Householder, spouse",STATE: 32,20,807
DHCP PCT8,"PCT0080003: Nonvoting Householder, spouse",STATE: 32,21,830
DHCP PCT8,"PCT0080003: Nonvoting Householder, spouse",STATE: 32,22,805
DHCP PCT8,"PCT0080003: Nonvoting Householder, spouse",STATE: 32,23,759
DHCP PCT8,"PCT0080003: Nonvoting Householder, spouse",STATE: 32,24,816
DHCP PCT8,"PCT0080003: Nonvoting Householder, spouse",STATE: 32,25,817
DHCP PCT8,PCT0080021: Nonvoting Institutional ,STATE-COUNTY: 32-021,0,13
DHCP PCT8,PCT0080021: Nonvoting Institutional ,STATE-COUNTY: 32-021,1,5
DHCP PCT8,PCT0080021: Nonvoting Institutional ,STATE-COUNTY: 32-021,2,12
DHCP PCT8,PCT0080021: Nonvoting Institutional ,STATE-COUNTY: 32-021,3,7
DHCP PCT8,PCT0080021: Nonvoting Institutional ,STATE-COUNTY: 32-021,4,15
DHCP PCT8,PCT0080021: Nonvoting Institutional ,STATE-COUNTY: 32-021,5,13
DHCP PCT8,PCT0080021: Nonvoting Institutional ,STATE-COUNTY: 32-021,6,14
DHCP PCT8,PCT0080021: Nonvoting Institutional ,STATE-COUNTY: 32-021,7,13
DHCP PCT8,PCT0080021: Nonvoting Institutional ,STATE-COUNTY: 32-021,8,16
DHCP PCT8,PCT0080021: Nonvoting Institutional ,STATE-COUNTY: 32-021,9,16
DHCP PCT8,PCT0080021: Nonvoting Institutional ,STATE-COUNTY: 32-021,10,15
DHCP PCT8,PCT0080021: Nonvoting Institutional ,STATE-COUNTY: 32-021,11,2
DHCP PCT8,PCT0080021: Nonvoting Institutional ,STATE-COUNTY: 32-021,12,1
DHCP PCT8,PCT0080021: Nonvoting Institutional ,STATE-COUNTY: 32-021,13,10
DHCP PCT8,PCT0080021: Nonvoting Institutional ,STATE-COUNTY: 32-021,14,9
DHCP PCT8,PCT0080021: Nonvoting Institutional ,STATE-COUNTY: 32-021,15,11
DHCP PCT8,PCT0080021: Nonvoting Institutional ,STATE-COUNTY: 32-021,16,7
DHCP PCT8,PCT0080021: Nonvoting Institutional ,STATE-COUNTY: 32-021,17,26
DHCP PCT8,PCT0080021: Nonvoting Institutional ,STATE-COUNTY: 32-021,18,16
DHCP PCT8,PCT0080021: Nonvoting Institutional ,STATE-COUNTY: 32-021,19,4
DHCP PCT8,PCT0080021: Nonvoting Institutional ,STATE-COUNTY: 32-021,20,14
DHCP PCT8,PCT0080021: Nonvoting Institutional ,STATE-COUNTY: 32-021,21,16
DHCP PCT8,PCT0080021: Nonvoting Institutional ,STATE-COUNTY: 32-021,22,6
DHCP PCT8,PCT0080021: Nonvoting Institutional ,STATE-COUNTY: 32-021,23,14
DHCP PCT8,PCT0080021: Nonvoting Institutional ,STATE-COUNTY: 32-021,24,18
DHCP PCT8,PCT0080021: Nonvoting Institutional ,STATE-COUNTY: 32-021,25,13
DHCP PCT8,PCT0080029: Nonvoting Non-Institutional,STATE-COUNTY: 32-021,0,0
DHCP PCT8,PCT0080029: Nonvoting Non-Institutional,STATE-COUNTY: 32-021,1,0
DHCP PCT8,PCT0080029: Nonvoting Non-Institutional,STATE-COUNTY: 32-021,2,0
DHCP PCT8,PCT0080029: Nonvoting Non-Institutional,STATE-COUNTY: 32-021,3,0
DHCP PCT8,PCT0080029: Nonvoting Non-Institutional,STATE-COUNTY: 32-021,4,0
DHCP PCT8,PCT0080029: Nonvoting Non-Institutional,STATE-COUNTY: 32-021,5,0
DHCP PCT8,PCT0080029: Nonvoting Non-Institutional,STATE-COUNTY: 32-021,6,0
DHCP PCT8,PCT0080029: Nonvoting Non-Institutional,STATE-COUNTY: 32-021,7,0
DHCP PCT8,PCT0080029: Nonvoting Non-Institutional,STATE-COUNTY: 32-021,8,0
DHCP PCT8,PCT0080029: Nonvoting Non-Institutional,STATE-COUNTY: 32-021,9,0
DHCP PCT8,PCT0080029: Nonvoting Non-Institutional,STATE-COUNTY: 32-021,10,0
DHCP PCT8,PCT0080029: Nonvoting Non-Institutional,STATE-COUNTY: 32-021,11,0
DHCP PCT8,PCT0080029: Nonvoting Non-Institutional,STATE-COUNTY: 32-021,12,0
DHCP PCT8,PCT0080029: Nonvoting Non-Institutional,STATE-COUNTY: 32-021,13,0
DHCP PCT8,PCT0080029: Nonvoting Non-Institutional,STATE-COUNTY: 32-021,14,0
DHCP PCT8,PCT0080029: Nonvoting Non-Institutional,STATE-COUNTY: 32-021,15,0
DHCP PCT8,PCT0080029: Nonvoting Non-Institutional,STATE-COUNTY: 32-021,16,0
DHCP PCT8,PCT0080029: Nonvoting Non-Institutional,STATE-COUNTY: 32-021,17,0
DHCP PCT8,PCT0080029: Nonvoting Non-Institutional,STATE-COUNTY: 32-021,18,0
DHCP PCT8,PCT0080029: Nonvoting Non-Institutional,STATE-COUNTY: 32-021,19,0
DHCP PCT8,PCT0080029: Nonvoting Non-Institutional,STATE-COUNTY: 32-021,20,0
DHCP PCT8,PCT0080029: Nonvoting Non-Institutional,STATE-COUNTY: 32-021,21,0
DHCP PCT8,PCT0080029: Nonvoting Non-Institutional,STATE-COUNTY: 32-021,22,0
DHCP PCT8,PCT0080029: Nonvoting Non-Institutional,STATE-COUNTY: 32-021,23,0
DHCP PCT8,PCT0080029: Nonvoting Non-Institutional,STATE-COUNTY: 32-021,24,0
DHCP PCT8,PCT0080029: Nonvoting Non-Institutional,STATE-COUNTY: 32-021,25,0
PL94 H1,H0010001: Total,ST-AIAN: 06-4255,0,1313
PL94 H1,H0010001: Total,ST-AIAN: 06-4255,1,1313
PL94 H1,H0010001: Total,ST-AIAN: 06-4255,2,1313
PL94 H1,H0010001: Total,ST-AIAN: 06-4255,3,1313
PL94 H1,H0010001: Total,ST-AIAN: 06-4255,4,1313
PL94 H1,H0010001: Total,ST-AIAN: 06-4255,5,1313
PL94 H1,H0010001: Total,ST-AIAN: 06-4255,6,1313
PL94 H1,H0010001: Total,ST-AIAN: 06-4255,7,1313
PL94 H1,H0010001: Total,ST-AIAN: 06-4255,8,1313
PL94 H1,H0010001: Total,ST-AIAN: 06-4255,9,1313
PL94 H1,H0010001: Total,ST-AIAN: 06-4255,10,1313
PL94 H1,H0010001: Total,ST-AIAN: 06-4255,11,1313
PL94 H1,H0010001: Total,ST-AIAN: 06-4255,12,1313
PL94 H1,H0010001: Total,ST-AIAN: 06-4255,13,1313
PL94 H1,H0010001: Total,ST-AIAN: 06-4255,14,1313
PL94 H1,H0010001: Total,ST-AIAN: 06-4255,15,1313
PL94 H1,H0010001: Total,ST-AIAN: 06-4255,16,1313
PL94 H1,H0010001: Total,ST-AIAN: 06-4255,17,1313
PL94 H1,H0010001: Total,ST-AIAN: 06-4255,18,1313
PL94 H1,H0010001: Total,ST-AIAN: 06-4255,19,1313
PL94 H1,H0010001: Total,ST-AIAN: 06-4255,20,1313
PL94 H1,H0010001: Total,ST-AIAN: 06-4255,21,1313
PL94 H1,H0010001: Total,ST-AIAN: 06-4255,22,1313
PL94 H1,H0010001: Total,ST-AIAN: 06-4255,23,1313
PL94 H1,H0010001: Total,ST-AIAN: 06-4255,24,1313
PL94 H1,H0010001: Total,ST-AIAN: 06-4255,25,1313
PL94 H1,H0010002: Occupied,ST-AIAN: 06-4255,0,1220
PL94 H1,H0010002: Occupied,ST-AIAN: 06-4255,1,1225
PL94 H1,H0010002: Occupied,ST-AIAN: 06-4255,2,1230
PL94 H1,H0010002: Occupied,ST-AIAN: 06-4255,3,1215
PL94 H1,H0010002: Occupied,ST-AIAN: 06-4255,4,1224
PL94 H1,H0010002: Occupied,ST-AIAN: 06-4255,5,1221
PL94 H1,H0010002: Occupied,ST-AIAN: 06-4255,6,1220
PL94 H1,H0010002: Occupied,ST-AIAN: 06-4255,7,1215
PL94 H1,H0010002: Occupied,ST-AIAN: 06-4255,8,1220
PL94 H1,H0010002: Occupied,ST-AIAN: 06-4255,9,1220
PL94 H1,H0010002: Occupied,ST-AIAN: 06-4255,10,1217
PL94 H1,H0010002: Occupied,ST-AIAN: 06-4255,11,1221
PL94 H1,H0010002: Occupied,ST-AIAN: 06-4255,12,1223
PL94 H1,H0010002: Occupied,ST-AIAN: 06-4255,13,1211
PL94 H1,H0010002: Occupied,ST-AIAN: 06-4255,14,1212
PL94 H1,H0010002: Occupied,ST-AIAN: 06-4255,15,1214
PL94 H1,H0010002: Occupied,ST-AIAN: 06-4255,16,1212
PL94 H1,H0010002: Occupied,ST-AIAN: 06-4255,17,1210
PL94 H1,H0010002: Occupied,ST-AIAN: 06-4255,18,1223
PL94 H1,H0010002: Occupied,ST-AIAN: 06-4255,19,1228
PL94 H1,H0010002: Occupied,ST-AIAN: 06-4255,20,1212
PL94 H1,H0010002: Occupied,ST-AIAN: 06-4255,21,1224
PL94 H1,H0010002: Occupied,ST-AIAN: 06-4255,22,1218
PL94 H1,H0010002: Occupied,ST-AIAN: 06-4255,23,1224
PL94 H1,H0010002: Occupied,ST-AIAN: 06-4255,24,1220
PL94 H1,H0010002: Occupied,ST-AIAN: 06-4255,25,1221
PL94 H1,H0010003: Vacant,ST-AIAN: 06-4255,0,93
PL94 H1,H0010003: Vacant,ST-AIAN: 06-4255,1,88
PL94 H1,H0010003: Vacant,ST-AIAN: 06-4255,2,83
PL94 H1,H0010003: Vacant,ST-AIAN: 06-4255,3,98
PL94 H1,H0010003: Vacant,ST-AIAN: 06-4255,4,89
PL94 H1,H0010003: Vacant,ST-AIAN: 06-4255,5,92
PL94 H1,H0010003: Vacant,ST-AIAN: 06-4255,6,93
PL94 H1,H0010003: Vacant,ST-AIAN: 06-4255,7,98
PL94 H1,H0010003: Vacant,ST-AIAN: 06-4255,8,93
PL94 H1,H0010003: Vacant,ST-AIAN: 06-4255,9,93
PL94 H1,H0010003: Vacant,ST-AIAN: 06-4255,10,96
PL94 H1,H0010003: Vacant,ST-AIAN: 06-4255,11,92
PL94 H1,H0010003: Vacant,ST-AIAN: 06-4255,12,90
PL94 H1,H0010003: Vacant,ST-AIAN: 06-4255,13,102
PL94 H1,H0010003: Vacant,ST-AIAN: 06-4255,14,101
PL94 H1,H0010003: Vacant,ST-AIAN: 06-4255,15,99
PL94 H1,H0010003: Vacant,ST-AIAN: 06-4255,16,101
PL94 H1,H0010003: Vacant,ST-AIAN: 06-4255,17,103
PL94 H1,H0010003: Vacant,ST-AIAN: 06-4255,18,90
PL94 H1,H0010003: Vacant,ST-AIAN: 06-4255,19,85
PL94 H1,H0010003: Vacant,ST-AIAN: 06-4255,20,101
PL94 H1,H0010003: Vacant,ST-AIAN: 06-4255,21,89
PL94 H1,H0010003: Vacant,ST-AIAN: 06-4255,22,95
PL94 H1,H0010003: Vacant,ST-AIAN: 06-4255,23,89
PL94 H1,H0010003: Vacant,ST-AIAN: 06-4255,24,93
PL94 H1,H0010003: Vacant,ST-AIAN: 06-4255,25,92
PL94 P1,P0010003: White alone,ST-ELEM: 17-42570,0,3536
PL94 P1,P0010003: White alone,ST-ELEM: 17-42570,1,3558
PL94 P1,P0010003: White alone,ST-ELEM: 17-42570,2,3520
PL94 P1,P0010003: White alone,ST-ELEM: 17-42570,3,3542
PL94 P1,P0010003: White alone,ST-ELEM: 17-42570,4,3535
PL94 P1,P0010003: White alone,ST-ELEM: 17-42570,5,3521
PL94 P1,P0010003: White alone,ST-ELEM: 17-42570,6,3545
PL94 P1,P0010003: White alone,ST-ELEM: 17-42570,7,3538
PL94 P1,P0010003: White alone,ST-ELEM: 17-42570,8,3546
PL94 P1,P0010003: White alone,ST-ELEM: 17-42570,9,3536
PL94 P1,P0010003: White alone,ST-ELEM: 17-42570,10,3528
PL94 P1,P0010003: White alone,ST-ELEM: 17-42570,11,3532
PL94 P1,P0010003: White alone,ST-ELEM: 17-42570,12,3556
PL94 P1,P0010003: White alone,ST-ELEM: 17-42570,13,3534
PL94 P1,P0010003: White alone,ST-ELEM: 17-42570,14,3544
PL94 P1,P0010003: White alone,ST-ELEM: 17-42570,15,3535
PL94 P1,P0010003: White alone,ST-ELEM: 17-42570,16,3537
PL94 P1,P0010003: White alone,ST-ELEM: 17-42570,17,3519
PL94 P1,P0010003: White alone,ST-ELEM: 17-42570,18,3540
PL94 P1,P0010003: White alone,ST-ELEM: 17-42570,19,3544
PL94 P1,P0010003: White alone,ST-ELEM: 17-42570,20,3529
PL94 P1,P0010003: White alone,ST-ELEM: 17-42570,21,3537
PL94 P1,P0010003: White alone,ST-ELEM: 17-42570,22,3551
PL94 P1,P0010003: White alone,ST-ELEM: 17-42570,23,3512
PL94 P1,P0010003: White alone,ST-ELEM: 17-42570,24,3529
PL94 P1,P0010003: White alone,ST-ELEM: 17-42570,25,3532
PL94 P1,P0010004: Black alone,ST-ELEM: 17-42570,0,187
PL94 P1,P0010004: Black alone,ST-ELEM: 17-42570,1,187
PL94 P1,P0010004: Black alone,ST-ELEM: 17-42570,2,188
PL94 P1,P0010004: Black alone,ST-ELEM: 17-42570,3,191
PL94 P1,P0010004: Black alone,ST-ELEM: 17-42570,4,191
PL94 P1,P0010004: Black alone,ST-ELEM: 17-42570,5,196
PL94 P1,P0010004: Black alone,ST-ELEM: 17-42570,6,185
PL94 P1,P0010004: Black alone,ST-ELEM: 17-42570,7,200
PL94 P1,P0010004: Black alone,ST-ELEM: 17-42570,8,200
PL94 P1,P0010004: Black alone,ST-ELEM: 17-42570,9,185
PL94 P1,P0010004: Black alone,ST-ELEM: 17-42570,10,187
PL94 P1,P0010004: Black alone,ST-ELEM: 17-42570,11,189
PL94 P1,P0010004: Black alone,ST-ELEM: 17-42570,12,194
PL94 P1,P0010004: Black alone,ST-ELEM: 17-42570,13,189
PL94 P1,P0010004: Black alone,ST-ELEM: 17-42570,14,194
PL94 P1,P0010004: Black alone,ST-ELEM: 17-42570,15,180
PL94 P1,P0010004: Black alone,ST-ELEM: 17-42570,16,184
PL94 P1,P0010004: Black alone,ST-ELEM: 17-42570,17,185
PL94 P1,P0010004: Black alone,ST-ELEM: 17-42570,18,198
PL94 P1,P0010004: Black alone,ST-ELEM: 17-42570,19,200
PL94 P1,P0010004: Black alone,ST-ELEM: 17-42570,20,185
PL94 P1,P0010004: Black alone,ST-ELEM: 17-42570,21,180
PL94 P1,P0010004: Black alone,ST-ELEM: 17-42570,22,185
PL94 P1,P0010004: Black alone,ST-ELEM: 17-42570,23,183
PL94 P1,P0010004: Black alone,ST-ELEM: 17-42570,24,188
PL94 P1,P0010004: Black alone,ST-ELEM: 17-42570,25,190
PL94 P1,P0010005: AIAN alone,ST-ELEM: 17-42570,0,8
PL94 P1,P0010005: AIAN alone,ST-ELEM: 17-42570,1,4
PL94 P1,P0010005: AIAN alone,ST-ELEM: 17-42570,2,10
PL94 P1,P0010005: AIAN alone,ST-ELEM: 17-42570,3,9
PL94 P1,P0010005: AIAN alone,ST-ELEM: 17-42570,4,5
PL94 P1,P0010005: AIAN alone,ST-ELEM: 17-42570,5,7
PL94 P1,P0010005: AIAN alone,ST-ELEM: 17-42570,6,5
PL94 P1,P0010005: AIAN alone,ST-ELEM: 17-42570,7,16
PL94 P1,P0010005: AIAN alone,ST-ELEM: 17-42570,8,1
PL94 P1,P0010005: AIAN alone,ST-ELEM: 17-42570,9,2
PL94 P1,P0010005: AIAN alone,ST-ELEM: 17-42570,10,8
PL94 P1,P0010005: AIAN alone,ST-ELEM: 17-42570,11,12
PL94 P1,P0010005: AIAN alone,ST-ELEM: 17-42570,12,7
PL94 P1,P0010005: AIAN alone,ST-ELEM: 17-42570,13,8
PL94 P1,P0010005: AIAN alone,ST-ELEM: 17-42570,14,10
PL94 P1,P0010005: AIAN alone,ST-ELEM: 17-42570,15,5
PL94 P1,P0010005: AIAN alone,ST-ELEM: 17-42570,16,5
PL94 P1,P0010005: AIAN alone,ST-ELEM: 17-42570,17,9
PL94 P1,P0010005: AIAN alone,ST-ELEM: 17-42570,18,9
PL94 P1,P0010005: AIAN alone,ST-ELEM: 17-42570,19,8
PL94 P1,P0010005: AIAN alone,ST-ELEM: 17-42570,20,7
PL94 P1,P0010005: AIAN alone,ST-ELEM: 17-42570,21,9
PL94 P1,P0010005: AIAN alone,ST-ELEM: 17-42570,22,8
PL94 P1,P0010005: AIAN alone,ST-ELEM: 17-42570,23,5
PL94 P1,P0010005: AIAN alone,ST-ELEM: 17-42570,24,9
PL94 P1,P0010005: AIAN alone,ST-ELEM: 17-42570,25,8
